{
  "id": 3,
  "title": "Compare multiple sites",
  "originalTitle": "Compare multiple sites",
  "tags": [],
  "style": "dark",
  "timezone": "browser",
  "editable": true,
  "hideControls": false,
  "sharedCrosshair": false,
  "rows": [
    {
      "collapse": false,
      "editable": true,
      "height": "250px",
      "panels": [
        {
          "content": "# Compare multiple sites\nWe test three URL:s per site every 30 minutes, using Firefox and measure each URL 3 times. What we think is really cool is that you can compare timings how fast the sites are and metrics how the sites are built.\n\nHow fast are your competitors? How many javascripts do they use? How many requests? You can keep track of all the metrics that sitespeed.io collects.",
          "editable": true,
          "error": false,
          "id": 9,
          "links": [],
          "mode": "markdown",
          "span": 6,
          "style": {},
          "title": "",
          "type": "text"
        },
        {
          "aliasColors": {},
          "bars": false,
          "datasource": null,
          "editable": true,
          "error": false,
          "fill": 0,
          "grid": {
            "leftLogBase": 1,
            "leftMax": null,
            "leftMin": null,
            "rightLogBase": 1,
            "rightMax": null,
            "rightMin": null,
            "threshold1": null,
            "threshold1Color": "rgba(216, 200, 27, 0.27)",
            "threshold2": null,
            "threshold2Color": "rgba(234, 112, 112, 0.22)"
          },
          "id": 10,
          "legend": {
            "avg": false,
            "current": true,
            "max": true,
            "min": false,
            "show": true,
            "total": false,
            "values": true
          },
          "lines": true,
          "linewidth": 1,
          "links": [],
          "nullPointMode": "connected",
          "percentage": false,
          "pointradius": 5,
          "points": false,
          "renderer": "flot",
          "seriesOverrides": [],
          "span": 6,
          "stack": false,
          "steppedLine": false,
          "targets": [
            {
              "target": "alias(sitespeed.io.http.www.aa.com.homePage_do.timings.firstPaint.median, 'American Airlines')"
            },
            {
              "target": "alias(sitespeed.io.http.www.lufthansa.com.us.en.Homepage.timings.firstPaint.median, 'Lufthansa')"
            },
            {
              "target": "alias(sitespeed.io.http.www.ryanair.com.us.timings.firstPaint.median, 'RyanAir')"
            },
            {
              "target": "alias(sitespeed.io.https.www.united.com.slash.timings.firstPaint.median, 'United')"
            }
          ],
          "timeFrom": null,
          "timeShift": null,
          "title": "First paint [median start page]",
          "tooltip": {
            "shared": true,
            "value_type": "cumulative"
          },
          "type": "graph",
          "x-axis": true,
          "y-axis": true,
          "y_formats": [
            "ms",
            "short"
          ]
        }
      ],
      "title": "New row"
    },
    {
      "collapse": false,
      "editable": true,
      "height": "250px",
      "panels": [
        {
          "aliasColors": {},
          "bars": false,
          "datasource": null,
          "editable": true,
          "error": false,
          "fill": 0,
          "grid": {
            "leftLogBase": 1,
            "leftMax": null,
            "leftMin": null,
            "rightLogBase": 1,
            "rightMax": null,
            "rightMin": null,
            "threshold1": null,
            "threshold1Color": "rgba(216, 200, 27, 0.27)",
            "threshold2": null,
            "threshold2Color": "rgba(234, 112, 112, 0.22)"
          },
          "id": 8,
          "legend": {
            "avg": false,
            "current": true,
            "max": true,
            "min": false,
            "show": true,
            "total": false,
            "values": true
          },
          "lines": true,
          "linewidth": 1,
          "links": [],
          "nullPointMode": "connected",
          "percentage": false,
          "pointradius": 5,
          "points": false,
          "renderer": "flot",
          "seriesOverrides": [],
          "span": 6,
          "stack": false,
          "steppedLine": false,
          "targets": [
            {
              "target": "alias(sitespeed.io.http.www.aa.com.homePage_do.timings.speedIndex.median, 'American Airlines')"
            },
            {
              "target": "alias(sitespeed.io.http.www.lufthansa.com.us.en.Homepage.timings.speedIndex.median, 'Lufthansa')"
            },
            {
              "target": "alias(sitespeed.io.http.www.ryanair.com.us.timings.speedIndex.median, 'RyanAir')"
            },
            {
              "target": "alias(sitespeed.io.https.www.united.com.slash.timings.speedIndex.median, 'United')"
            }
          ],
          "timeFrom": null,
          "timeShift": null,
          "title": "RUM SpeedIndex [median start page]",
          "tooltip": {
            "shared": true,
            "value_type": "cumulative"
          },
          "type": "graph",
          "x-axis": true,
          "y-axis": true,
          "y_formats": [
            "ms",
            "short"
          ]
        },
        {
          "aliasColors": {},
          "bars": false,
          "datasource": null,
          "editable": true,
          "error": false,
          "fill": 0,
          "grid": {
            "leftLogBase": 1,
            "leftMax": null,
            "leftMin": null,
            "rightLogBase": 1,
            "rightMax": null,
            "rightMin": null,
            "threshold1": null,
            "threshold1Color": "rgba(216, 200, 27, 0.27)",
            "threshold2": null,
            "threshold2Color": "rgba(234, 112, 112, 0.22)"
          },
          "id": 1,
          "legend": {
            "avg": false,
            "current": true,
            "max": true,
            "min": false,
            "show": true,
            "total": false,
            "values": true
          },
          "lines": true,
          "linewidth": 1,
          "links": [],
          "nullPointMode": "connected",
          "percentage": false,
          "pointradius": 5,
          "points": false,
          "renderer": "flot",
          "seriesOverrides": [],
          "span": 6,
          "stack": false,
          "steppedLine": false,
          "targets": [
            {
              "target": "alias(sitespeed.io.summary.www.aa.com.timing.speedIndex.median, 'American Airlines')"
            },
            {
              "target": "alias(sitespeed.io.summary.www.lufthansa.com.timing.speedIndex.median, 'Lufthansa')"
            },
            {
              "target": "alias(sitespeed.io.summary.www.ryanair.com.timing.speedIndex.median, 'RyanAir')"
            },
            {
              "target": "alias(sitespeed.io.summary.www.united.com.timing.speedIndex.median, 'United')"
            }
          ],
          "timeFrom": null,
          "timeShift": null,
          "title": "RUM SpeedIndex [median all pages]",
          "tooltip": {
            "shared": true,
            "value_type": "cumulative"
          },
          "type": "graph",
          "x-axis": true,
          "y-axis": true,
          "y_formats": [
            "ms",
            "short"
          ]
        }
      ],
      "title": "Row"
    },
    {
      "collapse": false,
      "editable": true,
      "height": "250px",
      "panels": [
        {
          "aliasColors": {},
          "bars": false,
          "datasource": null,
          "editable": true,
          "error": false,
          "fill": 0,
          "grid": {
            "leftLogBase": 1,
            "leftMax": null,
            "leftMin": null,
            "rightLogBase": 1,
            "rightMax": null,
            "rightMin": null,
            "threshold1": null,
            "threshold1Color": "rgba(216, 200, 27, 0.27)",
            "threshold2": null,
            "threshold2Color": "rgba(234, 112, 112, 0.22)"
          },
          "id": 3,
          "legend": {
            "avg": false,
            "current": true,
            "max": false,
            "min": false,
            "show": true,
            "total": false,
            "values": true
          },
          "lines": true,
          "linewidth": 1,
          "links": [],
          "nullPointMode": "connected",
          "percentage": false,
          "pointradius": 5,
          "points": false,
          "renderer": "flot",
          "seriesOverrides": [],
          "span": 6,
          "stack": false,
          "steppedLine": false,
          "targets": [
            {
              "target": "alias(sitespeed.io.summary.www.aa.com.pagemetric.requests.median, 'American Airlines')"
            },
            {
              "target": "alias(sitespeed.io.summary.www.lufthansa.com.pagemetric.requests.median, 'Lufthansa')"
            },
            {
              "target": "alias(sitespeed.io.summary.www.ryanair.com.pagemetric.requests.median, 'RyanAir')"
            },
            {
              "target": "alias(sitespeed.io.summary.www.united.com.pagemetric.requests.median, 'United')"
            }
          ],
          "timeFrom": null,
          "timeShift": null,
          "title": "Requests",
          "tooltip": {
            "shared": true,
            "value_type": "cumulative"
          },
          "type": "graph",
          "x-axis": true,
          "y-axis": true,
          "y_formats": [
            "short",
            "short"
          ]
        },
        {
          "aliasColors": {},
          "bars": false,
          "datasource": null,
          "editable": true,
          "error": false,
          "fill": 0,
          "grid": {
            "leftLogBase": 1,
            "leftMax": null,
            "leftMin": null,
            "rightLogBase": 1,
            "rightMax": null,
            "rightMin": null,
            "threshold1": null,
            "threshold1Color": "rgba(216, 200, 27, 0.27)",
            "threshold2": null,
            "threshold2Color": "rgba(234, 112, 112, 0.22)"
          },
          "id": 2,
          "legend": {
            "avg": false,
            "current": true,
            "max": false,
            "min": false,
            "show": true,
            "total": false,
            "values": true
          },
          "lines": true,
          "linewidth": 1,
          "links": [],
          "nullPointMode": "connected",
          "percentage": false,
          "pointradius": 5,
          "points": false,
          "renderer": "flot",
          "seriesOverrides": [],
          "span": 6,
          "stack": false,
          "steppedLine": false,
          "targets": [
            {
              "target": "alias(sitespeed.io.summary.www.aa.com.pagemetric.pageWeight.median, 'American Airlines')"
            },
            {
              "target": "alias(sitespeed.io.summary.www.lufthansa.com.pagemetric.pageWeight.median, 'Lufthansa')"
            },
            {
              "target": "alias(sitespeed.io.summary.www.ryanair.com.pagemetric.pageWeight.median, 'RyanAir')"
            },
            {
              "target": "alias(sitespeed.io.summary.www.united.com.pagemetric.pageWeight.median, 'United')"
            }
          ],
          "timeFrom": null,
          "timeShift": null,
          "title": "Page size",
          "tooltip": {
            "shared": true,
            "value_type": "cumulative"
          },
          "type": "graph",
          "x-axis": true,
          "y-axis": true,
          "y_formats": [
            "bytes",
            "short"
          ]
        }
      ],
      "title": "New row"
    },
    {
      "collapse": false,
      "editable": true,
      "height": "250px",
      "panels": [
        {
          "aliasColors": {},
          "bars": false,
          "datasource": null,
          "editable": true,
          "error": false,
          "fill": 0,
          "grid": {
            "leftLogBase": 1,
            "leftMax": null,
            "leftMin": null,
            "rightLogBase": 1,
            "rightMax": null,
            "rightMin": null,
            "threshold1": null,
            "threshold1Color": "rgba(216, 200, 27, 0.27)",
            "threshold2": null,
            "threshold2Color": "rgba(234, 112, 112, 0.22)"
          },
          "id": 5,
          "legend": {
            "avg": false,
            "current": true,
            "max": true,
            "min": false,
            "show": true,
            "total": false,
            "values": true
          },
          "lines": true,
          "linewidth": 1,
          "links": [],
          "nullPointMode": "connected",
          "percentage": false,
          "pointradius": 5,
          "points": false,
          "renderer": "flot",
          "seriesOverrides": [],
          "span": 6,
          "stack": false,
          "steppedLine": false,
          "targets": [
            {
              "target": "alias(sitespeed.io.summary.www.aa.com.timing.frontEndTime.median, 'American Airlines')"
            },
            {
              "target": "alias(sitespeed.io.summary.www.lufthansa.com.timing.frontEndTime.median, 'Lufthansa')"
            },
            {
              "target": "alias(sitespeed.io.summary.www.ryanair.com.timing.frontEndTime.median, 'RyanAir')"
            },
            {
              "target": "alias(sitespeed.io.summary.www.united.com.timing.frontEndTime.median, 'United')"
            }
          ],
          "timeFrom": null,
          "timeShift": null,
          "title": "Frontend time [median]",
          "tooltip": {
            "shared": true,
            "value_type": "cumulative"
          },
          "type": "graph",
          "x-axis": true,
          "y-axis": true,
          "y_formats": [
            "ms",
            "short"
          ]
        },
        {
          "aliasColors": {},
          "bars": false,
          "datasource": null,
          "editable": true,
          "error": false,
          "fill": 0,
          "grid": {
            "leftLogBase": 1,
            "leftMax": null,
            "leftMin": null,
            "rightLogBase": 1,
            "rightMax": null,
            "rightMin": null,
            "threshold1": null,
            "threshold1Color": "rgba(216, 200, 27, 0.27)",
            "threshold2": null,
            "threshold2Color": "rgba(234, 112, 112, 0.22)"
          },
          "id": 4,
          "legend": {
            "avg": false,
            "current": true,
            "max": true,
            "min": false,
            "show": true,
            "total": false,
            "values": true
          },
          "lines": true,
          "linewidth": 1,
          "links": [],
          "nullPointMode": "connected",
          "percentage": false,
          "pointradius": 5,
          "points": false,
          "renderer": "flot",
          "seriesOverrides": [],
          "span": 6,
          "stack": false,
          "steppedLine": false,
          "targets": [
            {
              "target": "alias(sitespeed.io.summary.www.aa.com.timing.backEndTime.median, 'American Airlines')"
            },
            {
              "target": "alias(sitespeed.io.summary.www.lufthansa.com.timing.backEndTime.median, 'Lufthansa')"
            },
            {
              "target": "alias(sitespeed.io.summary.www.ryanair.com.timing.backEndTime.median, 'RyanAir')"
            },
            {
              "target": "alias(sitespeed.io.summary.www.united.com.timing.backEndTime.median, 'United')"
            }
          ],
          "timeFrom": null,
          "timeShift": null,
          "title": "Backend time [median]",
          "tooltip": {
            "shared": true,
            "value_type": "cumulative"
          },
          "type": "graph",
          "x-axis": true,
          "y-axis": true,
          "y_formats": [
            "ms",
            "short"
          ]
        }
      ],
      "title": "New row"
    },
    {
      "collapse": false,
      "editable": true,
      "height": "100px",
      "panels": [
        {
          "cacheTimeout": null,
          "colorBackground": false,
          "colorValue": false,
          "colors": [
            "rgba(245, 54, 54, 0.9)",
            "rgba(237, 129, 40, 0.89)",
            "rgba(50, 172, 45, 0.97)"
          ],
          "editable": true,
          "error": false,
          "format": "percent",
          "id": 17,
          "interval": null,
          "links": [],
          "maxDataPoints": 100,
          "nullPointMode": "connected",
          "nullText": null,
          "postfix": "",
          "postfixFontSize": "50%",
          "prefix": "",
          "prefixFontSize": "50%",
          "span": 3,
          "sparkline": {
            "fillColor": "rgba(31, 118, 189, 0.18)",
            "full": false,
            "lineColor": "rgb(31, 120, 193)",
            "show": false
          },
          "targets": [
            {
              "hide": false,
              "target": "asPercent(sitespeed.io.summary.www.aa.com.timing.frontEndTime.median, #B)"
            },
            {
              "hide": true,
              "target": "sumSeries(sitespeed.io.summary.www.aa.com.timing.frontEndTime.median,sitespeed.io.summary.www.aa.com.timing.backEndTime.median)"
            }
          ],
          "thresholds": "",
          "title": "American Airlines",
          "type": "singlestat",
          "valueFontSize": "80%",
          "valueMaps": [
            {
              "op": "=",
              "text": "N/A",
              "value": "null"
            }
          ],
          "valueName": "avg"
        },
        {
          "cacheTimeout": null,
          "colorBackground": false,
          "colorValue": false,
          "colors": [
            "rgba(245, 54, 54, 0.9)",
            "rgba(237, 129, 40, 0.89)",
            "rgba(50, 172, 45, 0.97)"
          ],
          "editable": true,
          "error": false,
          "format": "percent",
          "id": 18,
          "interval": null,
          "links": [],
          "maxDataPoints": 100,
          "nullPointMode": "connected",
          "nullText": null,
          "postfix": "",
          "postfixFontSize": "50%",
          "prefix": "",
          "prefixFontSize": "50%",
          "span": 3,
          "sparkline": {
            "fillColor": "rgba(31, 118, 189, 0.18)",
            "full": false,
            "lineColor": "rgb(31, 120, 193)",
            "show": false
          },
          "targets": [
            {
              "hide": false,
              "target": "asPercent(sitespeed.io.summary.www.lufthansa.com.timing.frontEndTime.median, #B)"
            },
            {
              "hide": true,
              "target": "sumSeries(sitespeed.io.summary.www.lufthansa.com.timing.frontEndTime.median,sitespeed.io.summary.www.lufthansa.com.timing.backEndTime.median)"
            }
          ],
          "thresholds": "",
          "title": "Lufthansa",
          "type": "singlestat",
          "valueFontSize": "80%",
          "valueMaps": [
            {
              "op": "=",
              "text": "N/A",
              "value": "null"
            }
          ],
          "valueName": "avg"
        },
        {
          "cacheTimeout": null,
          "colorBackground": false,
          "colorValue": false,
          "colors": [
            "rgba(245, 54, 54, 0.9)",
            "rgba(237, 129, 40, 0.89)",
            "rgba(50, 172, 45, 0.97)"
          ],
          "editable": true,
          "error": false,
          "format": "percent",
          "id": 19,
          "interval": null,
          "links": [],
          "maxDataPoints": 100,
          "nullPointMode": "connected",
          "nullText": null,
          "postfix": "",
          "postfixFontSize": "50%",
          "prefix": "",
          "prefixFontSize": "50%",
          "span": 3,
          "sparkline": {
            "fillColor": "rgba(31, 118, 189, 0.18)",
            "full": false,
            "lineColor": "rgb(31, 120, 193)",
            "show": false
          },
          "targets": [
            {
              "hide": false,
              "target": "asPercent(sitespeed.io.summary.www.ryanair.com.timing.frontEndTime.median, #B)"
            },
            {
              "hide": true,
              "target": "sumSeries(sitespeed.io.summary.www.ryanair.com.timing.frontEndTime.median,sitespeed.io.summary.www.ryanair.com.timing.backEndTime.median)"
            }
          ],
          "thresholds": "",
          "title": "Ryan Air",
          "type": "singlestat",
          "valueFontSize": "80%",
          "valueMaps": [
            {
              "op": "=",
              "text": "N/A",
              "value": "null"
            }
          ],
          "valueName": "avg"
        },
        {
          "cacheTimeout": null,
          "colorBackground": false,
          "colorValue": false,
          "colors": [
            "rgba(245, 54, 54, 0.9)",
            "rgba(237, 129, 40, 0.89)",
            "rgba(50, 172, 45, 0.97)"
          ],
          "editable": true,
          "error": false,
          "format": "percent",
          "id": 20,
          "interval": null,
          "links": [],
          "maxDataPoints": 100,
          "nullPointMode": "connected",
          "nullText": null,
          "postfix": "",
          "postfixFontSize": "50%",
          "prefix": "",
          "prefixFontSize": "50%",
          "span": 3,
          "sparkline": {
            "fillColor": "rgba(31, 118, 189, 0.18)",
            "full": false,
            "lineColor": "rgb(31, 120, 193)",
            "show": false
          },
          "targets": [
            {
              "hide": false,
              "target": "asPercent(sitespeed.io.summary.www.united.com.timing.frontEndTime.median, #B)"
            },
            {
              "hide": true,
              "target": "sumSeries(sitespeed.io.summary.www.united.com.timing.frontEndTime.median,sitespeed.io.summary.www.united.com.timing.backEndTime.median)"
            }
          ],
          "thresholds": "",
          "title": "United",
          "type": "singlestat",
          "valueFontSize": "80%",
          "valueMaps": [
            {
              "op": "=",
              "text": "N/A",
              "value": "null"
            }
          ],
          "valueName": "avg"
        }
      ],
      "showTitle": true,
      "title": "Percentage spent in frontend"
    },
    {
      "collapse": false,
      "editable": true,
      "height": "250px",
      "panels": [
        {
          "aliasColors": {},
          "bars": false,
          "datasource": null,
          "editable": true,
          "error": false,
          "fill": 0,
          "grid": {
            "leftLogBase": 1,
            "leftMax": null,
            "leftMin": null,
            "rightLogBase": 1,
            "rightMax": null,
            "rightMin": null,
            "threshold1": null,
            "threshold1Color": "rgba(216, 200, 27, 0.27)",
            "threshold2": null,
            "threshold2Color": "rgba(234, 112, 112, 0.22)"
          },
          "id": 6,
          "legend": {
            "avg": false,
            "current": true,
            "max": true,
            "min": false,
            "show": true,
            "total": false,
            "values": true
          },
          "lines": true,
          "linewidth": 1,
          "links": [],
          "nullPointMode": "connected",
          "percentage": false,
          "pointradius": 5,
          "points": false,
          "renderer": "flot",
          "seriesOverrides": [],
          "span": 6,
          "stack": false,
          "steppedLine": false,
          "targets": [
            {
              "target": "alias(sitespeed.io.summary.www.aa.com.rule.ruleScore.median, 'American Airlines')"
            },
            {
              "target": "alias(sitespeed.io.summary.www.lufthansa.com.rule.ruleScore.median, 'Lufthansa')"
            },
            {
              "target": "alias(sitespeed.io.summary.www.ryanair.com.rule.ruleScore.median, 'RyanAir')"
            },
            {
              "target": "alias(sitespeed.io.summary.www.united.com.rule.ruleScore.min, 'United')"
            }
          ],
          "timeFrom": null,
          "timeShift": null,
          "title": "sitespeed.io score",
          "tooltip": {
            "shared": true,
            "value_type": "cumulative"
          },
          "type": "graph",
          "x-axis": true,
          "y-axis": true,
          "y_formats": [
            "short",
            "short"
          ]
        },
        {
          "aliasColors": {},
          "bars": false,
          "datasource": null,
          "editable": true,
          "error": false,
          "fill": 0,
          "grid": {
            "leftLogBase": 1,
            "leftMax": null,
            "leftMin": null,
            "rightLogBase": 1,
            "rightMax": null,
            "rightMin": null,
            "threshold1": null,
            "threshold1Color": "rgba(216, 200, 27, 0.27)",
            "threshold2": null,
            "threshold2Color": "rgba(234, 112, 112, 0.22)"
          },
          "id": 7,
          "legend": {
            "avg": false,
            "current": true,
            "max": true,
            "min": false,
            "show": true,
            "total": false,
            "values": true
          },
          "lines": true,
          "linewidth": 1,
          "links": [],
          "nullPointMode": "connected",
          "percentage": false,
          "pointradius": 5,
          "points": false,
          "renderer": "flot",
          "seriesOverrides": [],
          "span": 6,
          "stack": false,
          "steppedLine": false,
          "targets": [
            {
              "target": "alias(sitespeed.io.summary.www.aa.com.pagemetric.numberOfDomains.median, 'American Airlines')"
            },
            {
              "target": "alias(sitespeed.io.summary.www.lufthansa.com.pagemetric.numberOfDomains.median, 'Lufthansa')"
            },
            {
              "target": "alias(sitespeed.io.summary.www.ryanair.com.pagemetric.numberOfDomains.median, 'RyanAir')"
            },
            {
              "target": "alias(sitespeed.io.summary.www.united.com.pagemetric.numberOfDomains.median, 'United')"
            }
          ],
          "timeFrom": null,
          "timeShift": null,
          "title": "Number of domains",
          "tooltip": {
            "shared": true,
            "value_type": "cumulative"
          },
          "type": "graph",
          "x-axis": true,
          "y-axis": true,
          "y_formats": [
            "short",
            "short"
          ]
        }
      ],
      "title": "New row"
    },
    {
      "collapse": false,
      "editable": true,
      "height": "100px",
      "panels": [
        {
          "cacheTimeout": null,
          "colorBackground": false,
          "colorValue": false,
          "colors": [
            "rgba(245, 54, 54, 0.9)",
            "rgba(237, 129, 40, 0.89)",
            "rgba(50, 172, 45, 0.97)"
          ],
          "editable": true,
          "error": false,
          "format": "percent",
          "id": 12,
          "interval": null,
          "links": [],
          "maxDataPoints": 100,
          "nullPointMode": "connected",
          "nullText": null,
          "postfix": "",
          "postfixFontSize": "50%",
          "prefix": "",
          "prefixFontSize": "50%",
          "span": 3,
          "sparkline": {
            "fillColor": "rgba(31, 118, 189, 0.18)",
            "full": false,
            "lineColor": "rgb(31, 120, 193)",
            "show": false
          },
          "targets": [
            {
              "hide": true,
              "target": "sumSeries(sitespeed.io.summary.www.aa.com.domains.requests.*)"
            },
            {
              "hide": false,
              "target": "asPercent(sumSeries(sitespeed.io.summary.www.aa.com.domains.requests.*aa_com*), #A)"
            }
          ],
          "thresholds": "",
          "title": "American Airlines",
          "type": "singlestat",
          "valueFontSize": "80%",
          "valueMaps": [
            {
              "op": "=",
              "text": "N/A",
              "value": "null"
            }
          ],
          "valueName": "avg"
        },
        {
          "cacheTimeout": null,
          "colorBackground": false,
          "colorValue": false,
          "colors": [
            "rgba(245, 54, 54, 0.9)",
            "rgba(237, 129, 40, 0.89)",
            "rgba(50, 172, 45, 0.97)"
          ],
          "editable": true,
          "error": false,
          "format": "percent",
          "id": 14,
          "interval": null,
          "links": [],
          "maxDataPoints": 100,
          "nullPointMode": "connected",
          "nullText": null,
          "postfix": "",
          "postfixFontSize": "50%",
          "prefix": "",
          "prefixFontSize": "50%",
          "span": 3,
          "sparkline": {
            "fillColor": "rgba(31, 118, 189, 0.18)",
            "full": false,
            "lineColor": "rgb(31, 120, 193)",
            "show": false
          },
          "targets": [
            {
              "hide": true,
              "target": "sumSeries(sitespeed.io.summary.www.ryanair.com.domains.requests.*)"
            },
            {
              "hide": false,
              "target": "asPercent(sumSeries(sitespeed.io.summary.www.ryanair.com.domains.requests.*_ryanair_com*), #A)"
            }
          ],
          "thresholds": "",
          "title": "Ryan Air",
          "type": "singlestat",
          "valueFontSize": "80%",
          "valueMaps": [
            {
              "op": "=",
              "text": "N/A",
              "value": "null"
            }
          ],
          "valueName": "avg"
        },
        {
          "cacheTimeout": null,
          "colorBackground": false,
          "colorValue": false,
          "colors": [
            "rgba(245, 54, 54, 0.9)",
            "rgba(237, 129, 40, 0.89)",
            "rgba(50, 172, 45, 0.97)"
          ],
          "editable": true,
          "error": false,
          "format": "percent",
          "id": 15,
          "interval": null,
          "links": [],
          "maxDataPoints": 100,
          "nullPointMode": "connected",
          "nullText": null,
          "postfix": "",
          "postfixFontSize": "50%",
          "prefix": "",
          "prefixFontSize": "50%",
          "span": 3,
          "sparkline": {
            "fillColor": "rgba(31, 118, 189, 0.18)",
            "full": false,
            "lineColor": "rgb(31, 120, 193)",
            "show": false
          },
          "targets": [
            {
              "hide": true,
              "target": "sumSeries(sitespeed.io.summary.www.united.com.domains.requests.*)"
            },
            {
              "hide": false,
              "target": "asPercent(sumSeries(sitespeed.io.summary.www.united.com.domains.requests.*_united_com*), #A)"
            }
          ],
          "thresholds": "",
          "title": "United",
          "type": "singlestat",
          "valueFontSize": "80%",
          "valueMaps": [
            {
              "op": "=",
              "text": "N/A",
              "value": "null"
            }
          ],
          "valueName": "avg"
        },
        {
          "cacheTimeout": null,
          "colorBackground": false,
          "colorValue": false,
          "colors": [
            "rgba(245, 54, 54, 0.9)",
            "rgba(237, 129, 40, 0.89)",
            "rgba(50, 172, 45, 0.97)"
          ],
          "editable": true,
          "error": false,
          "format": "percent",
          "id": 16,
          "interval": null,
          "links": [],
          "maxDataPoints": 100,
          "nullPointMode": "connected",
          "nullText": null,
          "postfix": "",
          "postfixFontSize": "50%",
          "prefix": "",
          "prefixFontSize": "50%",
          "span": 3,
          "sparkline": {
            "fillColor": "rgba(31, 118, 189, 0.18)",
            "full": false,
            "lineColor": "rgb(31, 120, 193)",
            "show": false
          },
          "targets": [
            {
              "hide": true,
              "target": "sumSeries(sitespeed.io.summary.www.lufthansa.com.domains.requests.*)"
            },
            {
              "hide": false,
              "target": "asPercent(sumSeries(sitespeed.io.summary.www.lufthansa.com.domains.requests.*lufthansa*), #A)"
            }
          ],
          "thresholds": "",
          "title": "Lufthansa",
          "type": "singlestat",
          "valueFontSize": "80%",
          "valueMaps": [
            {
              "op": "=",
              "text": "N/A",
              "value": "null"
            }
          ],
          "valueName": "avg"
        }
      ],
      "showTitle": true,
      "title": "Percentage request 1st party domains"
    }
  ],
  "nav": [
    {
      "collapse": false,
      "enable": true,
      "notice": false,
      "now": true,
      "refresh_intervals": [
        "5s",
        "10s",
        "30s",
        "1m",
        "5m",
        "15m",
        "30m",
        "1h",
        "2h",
        "1d"
      ],
      "status": "Stable",
      "time_options": [
        "5m",
        "15m",
        "1h",
        "6h",
        "12h",
        "24h",
        "2d",
        "7d",
        "30d"
      ],
      "type": "timepicker"
    }
  ],
  "time": {
    "from": "now-24h",
    "to": "now"
  },
  "templating": {
    "list": []
  },
  "annotations": {
    "list": []
  },
  "schemaVersion": 6,
  "version": 24
}