{
  "id": 5,
  "title": "Load Timings Per Asset",
  "originalTitle": "Load Timings Per Asset",
  "tags": [],
  "style": "dark",
  "timezone": "browser",
  "editable": true,
  "hideControls": false,
  "sharedCrosshair": false,
  "rows": [
    {
      "collapse": false,
      "editable": true,
      "height": "25px",
      "panels": [
        {
          "content": "### Load Timings Per Asset/Request\nDo you want to keep track of the load time for each request of a page? That's doable, just make sure you have the space, it will be a lot of data stored. The graphs in this case is not usable when showing all the request, identify the request you are interested in, using the table, and then click on that assets, so only that one is showed in the graph.\n\nThe graph can take some time to load sometimes, it's a lot of data!\n",
          "editable": true,
          "error": false,
          "id": 2,
          "links": [],
          "mode": "markdown",
          "span": 12,
          "style": {},
          "title": "",
          "type": "text"
        }
      ],
      "title": "New row"
    },
    {
      "collapse": false,
      "editable": true,
      "height": "700px",
      "panels": [
        {
          "aliasColors": {},
          "bars": false,
          "datasource": null,
          "editable": true,
          "error": false,
          "fill": 0,
          "grid": {
            "leftLogBase": 1,
            "leftMax": null,
            "leftMin": null,
            "rightLogBase": 1,
            "rightMax": null,
            "rightMin": null,
            "threshold1": null,
            "threshold1Color": "rgba(216, 200, 27, 0.27)",
            "threshold2": null,
            "threshold2Color": "rgba(234, 112, 112, 0.22)"
          },
          "id": 1,
          "legend": {
            "alignAsTable": true,
            "avg": false,
            "current": true,
            "max": true,
            "min": true,
            "show": true,
            "sort": "max",
            "sortDesc": true,
            "total": false,
            "values": true
          },
          "lines": true,
          "linewidth": 1,
          "links": [],
          "nullPointMode": "connected",
          "percentage": false,
          "pointradius": 5,
          "points": false,
          "renderer": "flot",
          "seriesOverrides": [],
          "span": 12,
          "stack": false,
          "steppedLine": false,
          "targets": [
            {
              "target": "aliasByNode(limit(sortByMaxima(maximumAbove(sitespeed.io.http.www.aa.com.homePage_do.requests.http.*.*.timings.total, 100)), 20), 8, 9, 10)"
            }
          ],
          "timeFrom": null,
          "timeShift": null,
          "title": "American Airlines Timings Per Asset",
          "tooltip": {
            "shared": false,
            "value_type": "cumulative"
          },
          "type": "graph",
          "x-axis": true,
          "y-axis": true,
          "y_formats": [
            "ms",
            "short"
          ]
        }
      ],
      "title": "Row1"
    }
  ],
  "nav": [
    {
      "collapse": false,
      "enable": true,
      "notice": false,
      "now": true,
      "refresh_intervals": [
        "5s",
        "10s",
        "30s",
        "1m",
        "5m",
        "15m",
        "30m",
        "1h",
        "2h",
        "1d"
      ],
      "status": "Stable",
      "time_options": [
        "5m",
        "15m",
        "1h",
        "6h",
        "12h",
        "24h",
        "2d",
        "7d",
        "30d"
      ],
      "type": "timepicker"
    }
  ],
  "time": {
    "from": "now-6h",
    "to": "now"
  },
  "templating": {
    "list": []
  },
  "annotations": {
    "list": []
  },
  "refresh": false,
  "schemaVersion": 6,
  "version": 11
}