{
  "id": 6,
  "title": "Metric for one page [American Airlines Home Page]",
  "originalTitle": "Metric for one page [American Airlines Home Page]",
  "tags": [],
  "style": "dark",
  "timezone": "browser",
  "editable": true,
  "hideControls": false,
  "sharedCrosshair": false,
  "rows": [
    {
      "collapse": false,
      "editable": true,
      "height": "250px",
      "panels": [
        {
          "aliasColors": {
            "css": "#629E51",
            "doc": "#508642",
            "font": "#BA43A9",
            "js": "#7EB26D"
          },
          "bars": false,
          "datasource": null,
          "editable": true,
          "error": false,
          "fill": 2,
          "grid": {
            "leftLogBase": 1,
            "leftMax": null,
            "leftMin": null,
            "rightLogBase": 1,
            "rightMax": null,
            "rightMin": null,
            "threshold1": null,
            "threshold1Color": "rgba(216, 200, 27, 0.27)",
            "threshold2": null,
            "threshold2Color": "rgba(234, 112, 112, 0.22)"
          },
          "id": 1,
          "legend": {
            "avg": false,
            "current": true,
            "max": true,
            "min": false,
            "show": true,
            "total": false,
            "values": true
          },
          "lines": true,
          "linewidth": 2,
          "links": [],
          "nullPointMode": "connected",
          "percentage": false,
          "pointradius": 5,
          "points": false,
          "renderer": "flot",
          "seriesOverrides": [],
          "span": 6,
          "stack": true,
          "steppedLine": false,
          "targets": [
            {
              "target": "aliasByMetric(sitespeed.io.http.www.aa.com.homePage_do.assets.doc)"
            },
            {
              "target": "aliasByMetric(sitespeed.io.http.www.aa.com.homePage_do.assets.doc)"
            },
            {
              "target": "aliasByMetric(sitespeed.io.http.www.aa.com.homePage_do.assets.css)"
            },
            {
              "target": "aliasByMetric(sitespeed.io.http.www.aa.com.homePage_do.assets.js)"
            },
            {
              "target": "aliasByMetric(sitespeed.io.http.www.aa.com.homePage_do.assets.font)"
            },
            {
              "target": "aliasByMetric(sitespeed.io.http.www.aa.com.homePage_do.assets.image)"
            },
            {
              "target": "aliasByMetric(sitespeed.io.http.www.aa.com.homePage_do.assets.cssimage)"
            },
            {
              "target": "aliasByMetric(sitespeed.io.http.www.aa.com.homePage_do.assets.flash)"
            }
          ],
          "timeFrom": null,
          "timeShift": null,
          "title": "Request types",
          "tooltip": {
            "shared": true,
            "value_type": "individual"
          },
          "type": "graph",
          "x-axis": true,
          "y-axis": true,
          "y_formats": [
            "short",
            "short"
          ]
        },
        {
          "aliasColors": {
            "css": "#629E51",
            "doc": "#508642",
            "font": "#BA43A9",
            "js": "#7EB26D"
          },
          "bars": false,
          "datasource": null,
          "editable": true,
          "error": false,
          "fill": 2,
          "grid": {
            "leftLogBase": 1,
            "leftMax": null,
            "leftMin": null,
            "rightLogBase": 1,
            "rightMax": null,
            "rightMin": null,
            "threshold1": null,
            "threshold1Color": "rgba(216, 200, 27, 0.27)",
            "threshold2": null,
            "threshold2Color": "rgba(234, 112, 112, 0.22)"
          },
          "id": 11,
          "legend": {
            "avg": false,
            "current": true,
            "max": true,
            "min": false,
            "show": true,
            "total": false,
            "values": true
          },
          "lines": true,
          "linewidth": 2,
          "links": [],
          "nullPointMode": "connected",
          "percentage": false,
          "pointradius": 5,
          "points": false,
          "renderer": "flot",
          "seriesOverrides": [],
          "span": 6,
          "stack": true,
          "steppedLine": false,
          "targets": [
            {
              "target": "aliasByMetric(sitespeed.io.http.www.aa.com.homePage_do.assets.*Weight)"
            }
          ],
          "timeFrom": null,
          "timeShift": null,
          "title": "Weight by type",
          "tooltip": {
            "shared": true,
            "value_type": "individual"
          },
          "type": "graph",
          "x-axis": true,
          "y-axis": true,
          "y_formats": [
            "short",
            "short"
          ]
        }
      ],
      "title": "Row1"
    },
    {
      "collapse": false,
      "editable": true,
      "height": "150px",
      "panels": [
        {
          "cacheTimeout": null,
          "colorBackground": false,
          "colorValue": false,
          "colors": [
            "rgba(71, 212, 59, 0.4)",
            "rgba(245, 150, 40, 0.73)",
            "rgba(225, 40, 40, 0.59)"
          ],
          "editable": true,
          "error": false,
          "format": "none",
          "id": 3,
          "interval": null,
          "links": [],
          "maxDataPoints": 100,
          "nullPointMode": "connected",
          "nullText": null,
          "postfix": "",
          "postfixFontSize": "50%",
          "prefix": "",
          "prefixFontSize": "50%",
          "span": 2,
          "sparkline": {
            "fillColor": "rgba(31, 118, 189, 0.18)",
            "full": false,
            "lineColor": "rgb(31, 120, 193)",
            "show": true
          },
          "targets": [
            {
              "target": "sitespeed.io.http.www.aa.com.homePage_do.score"
            }
          ],
          "thresholds": "70,80,90",
          "title": "sitespeed.io score",
          "type": "singlestat",
          "valueFontSize": "70%",
          "valueMaps": [
            {
              "op": "=",
              "text": "N/A",
              "value": "null"
            }
          ],
          "valueName": "current"
        },
        {
          "cacheTimeout": null,
          "colorBackground": false,
          "colorValue": false,
          "colors": [
            "rgba(71, 212, 59, 0.4)",
            "rgba(245, 150, 40, 0.73)",
            "rgba(225, 40, 40, 0.59)"
          ],
          "editable": true,
          "error": false,
          "format": "none",
          "id": 4,
          "interval": null,
          "links": [],
          "maxDataPoints": 100,
          "nullPointMode": "connected",
          "nullText": null,
          "postfix": "",
          "postfixFontSize": "50%",
          "prefix": "",
          "prefixFontSize": "50%",
          "span": 2,
          "sparkline": {
            "fillColor": "rgba(31, 118, 189, 0.18)",
            "full": false,
            "lineColor": "rgb(31, 120, 193)",
            "show": true
          },
          "targets": [
            {
              "target": "sitespeed.io.http.www.aa.com.homePage_do.timings.speedIndex.median"
            }
          ],
          "thresholds": "1000,1100,1200",
          "title": "SpeedIndex",
          "type": "singlestat",
          "valueFontSize": "70%",
          "valueMaps": [
            {
              "op": "=",
              "text": "N/A",
              "value": "null"
            }
          ],
          "valueName": "current"
        },
        {
          "cacheTimeout": null,
          "colorBackground": false,
          "colorValue": false,
          "colors": [
            "rgba(71, 212, 59, 0.4)",
            "rgba(245, 150, 40, 0.73)",
            "rgba(225, 40, 40, 0.59)"
          ],
          "editable": true,
          "error": false,
          "format": "none",
          "id": 5,
          "interval": null,
          "links": [],
          "maxDataPoints": 100,
          "nullPointMode": "connected",
          "nullText": null,
          "postfix": "",
          "postfixFontSize": "50%",
          "prefix": "",
          "prefixFontSize": "50%",
          "span": 2,
          "sparkline": {
            "fillColor": "rgba(31, 118, 189, 0.18)",
            "full": false,
            "lineColor": "rgb(31, 120, 193)",
            "show": true
          },
          "targets": [
            {
              "target": "sitespeed.io.http.www.aa.com.homePage_do.timings.firstPaint.median"
            }
          ],
          "thresholds": "500,800,1000",
          "title": "FirstPaint",
          "type": "singlestat",
          "valueFontSize": "70%",
          "valueMaps": [
            {
              "op": "=",
              "text": "N/A",
              "value": "null"
            }
          ],
          "valueName": "current"
        },
        {
          "cacheTimeout": null,
          "colorBackground": false,
          "colorValue": false,
          "colors": [
            "rgba(71, 212, 59, 0.4)",
            "rgba(245, 150, 40, 0.73)",
            "rgba(225, 40, 40, 0.59)"
          ],
          "editable": true,
          "error": false,
          "format": "bytes",
          "id": 6,
          "interval": null,
          "links": [],
          "maxDataPoints": 100,
          "nullPointMode": "connected",
          "nullText": null,
          "postfix": "",
          "postfixFontSize": "50%",
          "prefix": "",
          "prefixFontSize": "50%",
          "span": 2,
          "sparkline": {
            "fillColor": "rgba(31, 118, 189, 0.18)",
            "full": false,
            "lineColor": "rgb(31, 120, 193)",
            "show": true
          },
          "targets": [
            {
              "target": "sitespeed.io.http.www.aa.com.homePage_do.pageWeight"
            }
          ],
          "thresholds": "70,80,90",
          "title": "Page weight",
          "type": "singlestat",
          "valueFontSize": "70%",
          "valueMaps": [
            {
              "op": "=",
              "text": "N/A",
              "value": "null"
            }
          ],
          "valueName": "current"
        },
        {
          "cacheTimeout": null,
          "colorBackground": false,
          "colorValue": false,
          "colors": [
            "rgba(71, 212, 59, 0.4)",
            "rgba(245, 150, 40, 0.73)",
            "rgba(225, 40, 40, 0.59)"
          ],
          "editable": true,
          "error": false,
          "format": "none",
          "id": 7,
          "interval": null,
          "links": [],
          "maxDataPoints": 100,
          "nullPointMode": "connected",
          "nullText": null,
          "postfix": "",
          "postfixFontSize": "50%",
          "prefix": "",
          "prefixFontSize": "50%",
          "span": 2,
          "sparkline": {
            "fillColor": "rgba(31, 118, 189, 0.18)",
            "full": false,
            "lineColor": "rgb(31, 120, 193)",
            "show": true
          },
          "targets": [
            {
              "target": "sitespeed.io.http.www.aa.com.homePage_do.requests"
            }
          ],
          "thresholds": "70,80,90",
          "title": "Requests",
          "type": "singlestat",
          "valueFontSize": "70%",
          "valueMaps": [
            {
              "op": "=",
              "text": "N/A",
              "value": "null"
            }
          ],
          "valueName": "current"
        },
        {
          "cacheTimeout": null,
          "colorBackground": false,
          "colorValue": false,
          "colors": [
            "rgba(245, 54, 54, 0.9)",
            "rgba(237, 129, 40, 0.89)",
            "rgba(50, 172, 45, 0.97)"
          ],
          "editable": true,
          "error": false,
          "format": "none",
          "id": 8,
          "interval": null,
          "links": [],
          "maxDataPoints": 100,
          "nullPointMode": "connected",
          "nullText": null,
          "postfix": "",
          "postfixFontSize": "50%",
          "prefix": "",
          "prefixFontSize": "50%",
          "span": 2,
          "sparkline": {
            "fillColor": "rgba(31, 118, 189, 0.18)",
            "full": false,
            "lineColor": "rgb(31, 120, 193)",
            "show": true
          },
          "targets": [
            {
              "target": "sitespeed.io.http.www.aa.com.homePage_do.requestsMissingExpire"
            }
          ],
          "thresholds": "",
          "title": "Requests missing expires",
          "type": "singlestat",
          "valueFontSize": "70%",
          "valueMaps": [
            {
              "op": "=",
              "text": "N/A",
              "value": "null"
            }
          ],
          "valueName": "avg"
        }
      ],
      "title": "New row"
    },
    {
      "collapse": false,
      "editable": true,
      "height": "150px",
      "panels": [
        {
          "cacheTimeout": null,
          "colorBackground": false,
          "colorValue": false,
          "colors": [
            "rgba(245, 54, 54, 0.9)",
            "rgba(237, 129, 40, 0.89)",
            "rgba(50, 172, 45, 0.97)"
          ],
          "editable": true,
          "error": false,
          "format": "none",
          "height": "",
          "id": 12,
          "interval": null,
          "links": [],
          "maxDataPoints": 100,
          "nullPointMode": "connected",
          "nullText": null,
          "postfix": "",
          "postfixFontSize": "50%",
          "prefix": "",
          "prefixFontSize": "50%",
          "span": 2,
          "sparkline": {
            "fillColor": "rgba(31, 118, 189, 0.18)",
            "full": false,
            "lineColor": "rgb(31, 120, 193)",
            "show": false
          },
          "targets": [
            {
              "target": "sitespeed.io.http.www.aa.com.homePage_do.timings.speedIndex.median"
            }
          ],
          "thresholds": "",
          "timeFrom": "1h",
          "title": "SpeedIndex",
          "type": "singlestat",
          "valueFontSize": "70%",
          "valueMaps": [
            {
              "op": "=",
              "text": "N/A",
              "value": "null"
            }
          ],
          "valueName": "avg"
        },
        {
          "cacheTimeout": null,
          "colorBackground": false,
          "colorValue": false,
          "colors": [
            "rgba(245, 54, 54, 0.9)",
            "rgba(237, 129, 40, 0.89)",
            "rgba(50, 172, 45, 0.97)"
          ],
          "editable": true,
          "error": false,
          "format": "none",
          "height": "",
          "id": 13,
          "interval": null,
          "links": [],
          "maxDataPoints": 100,
          "nullPointMode": "connected",
          "nullText": null,
          "postfix": "",
          "postfixFontSize": "50%",
          "prefix": "",
          "prefixFontSize": "50%",
          "span": 2,
          "sparkline": {
            "fillColor": "rgba(31, 118, 189, 0.18)",
            "full": false,
            "lineColor": "rgb(31, 120, 193)",
            "show": false
          },
          "targets": [
            {
              "target": "sitespeed.io.http.www.aa.com.homePage_do.timings.speedIndex.median"
            }
          ],
          "thresholds": "",
          "timeFrom": "24h",
          "title": "SpeedIndex",
          "type": "singlestat",
          "valueFontSize": "70%",
          "valueMaps": [
            {
              "op": "=",
              "text": "N/A",
              "value": "null"
            }
          ],
          "valueName": "avg"
        },
        {
          "cacheTimeout": null,
          "colorBackground": false,
          "colorValue": false,
          "colors": [
            "rgba(245, 54, 54, 0.9)",
            "rgba(237, 129, 40, 0.89)",
            "rgba(50, 172, 45, 0.97)"
          ],
          "editable": true,
          "error": false,
          "format": "none",
          "height": "",
          "id": 14,
          "interval": null,
          "links": [],
          "maxDataPoints": 100,
          "nullPointMode": "connected",
          "nullText": null,
          "postfix": "",
          "postfixFontSize": "50%",
          "prefix": "",
          "prefixFontSize": "50%",
          "span": 2,
          "sparkline": {
            "fillColor": "rgba(31, 118, 189, 0.18)",
            "full": false,
            "lineColor": "rgb(31, 120, 193)",
            "show": false
          },
          "targets": [
            {
              "target": "sitespeed.io.http.www.aa.com.homePage_do.timings.speedIndex.median"
            }
          ],
          "thresholds": "",
          "timeFrom": "7d",
          "title": "SpeedIndex",
          "type": "singlestat",
          "valueFontSize": "70%",
          "valueMaps": [
            {
              "op": "=",
              "text": "N/A",
              "value": "null"
            }
          ],
          "valueName": "avg"
        },
        {
          "cacheTimeout": null,
          "colorBackground": false,
          "colorValue": false,
          "colors": [
            "rgba(245, 54, 54, 0.9)",
            "rgba(237, 129, 40, 0.89)",
            "rgba(50, 172, 45, 0.97)"
          ],
          "editable": true,
          "error": false,
          "format": "none",
          "height": "",
          "id": 15,
          "interval": null,
          "links": [],
          "maxDataPoints": 100,
          "nullPointMode": "connected",
          "nullText": null,
          "postfix": "",
          "postfixFontSize": "50%",
          "prefix": "",
          "prefixFontSize": "50%",
          "span": 2,
          "sparkline": {
            "fillColor": "rgba(31, 118, 189, 0.18)",
            "full": false,
            "lineColor": "rgb(31, 120, 193)",
            "show": false
          },
          "targets": [
            {
              "target": "sitespeed.io.http.www.aa.com.homePage_do.timings.firstPaint.median"
            }
          ],
          "thresholds": "",
          "timeFrom": "1h",
          "title": "First Paint",
          "type": "singlestat",
          "valueFontSize": "70%",
          "valueMaps": [
            {
              "op": "=",
              "text": "N/A",
              "value": "null"
            }
          ],
          "valueName": "avg"
        },
        {
          "cacheTimeout": null,
          "colorBackground": false,
          "colorValue": false,
          "colors": [
            "rgba(245, 54, 54, 0.9)",
            "rgba(237, 129, 40, 0.89)",
            "rgba(50, 172, 45, 0.97)"
          ],
          "editable": true,
          "error": false,
          "format": "none",
          "height": "",
          "id": 17,
          "interval": null,
          "links": [],
          "maxDataPoints": 100,
          "nullPointMode": "connected",
          "nullText": null,
          "postfix": "",
          "postfixFontSize": "50%",
          "prefix": "",
          "prefixFontSize": "50%",
          "span": 2,
          "sparkline": {
            "fillColor": "rgba(31, 118, 189, 0.18)",
            "full": false,
            "lineColor": "rgb(31, 120, 193)",
            "show": false
          },
          "targets": [
            {
              "target": "sitespeed.io.http.www.aa.com.homePage_do.timings.firstPaint.median"
            }
          ],
          "thresholds": "",
          "timeFrom": "24h",
          "title": "First Paint",
          "type": "singlestat",
          "valueFontSize": "70%",
          "valueMaps": [
            {
              "op": "=",
              "text": "N/A",
              "value": "null"
            }
          ],
          "valueName": "avg"
        },
        {
          "cacheTimeout": null,
          "colorBackground": false,
          "colorValue": false,
          "colors": [
            "rgba(245, 54, 54, 0.9)",
            "rgba(237, 129, 40, 0.89)",
            "rgba(50, 172, 45, 0.97)"
          ],
          "editable": true,
          "error": false,
          "format": "none",
          "height": "",
          "hideTimeOverride": false,
          "id": 18,
          "interval": null,
          "links": [],
          "maxDataPoints": 100,
          "nullPointMode": "connected",
          "nullText": null,
          "postfix": "",
          "postfixFontSize": "50%",
          "prefix": "",
          "prefixFontSize": "50%",
          "span": 2,
          "sparkline": {
            "fillColor": "rgba(31, 118, 189, 0.18)",
            "full": false,
            "lineColor": "rgb(31, 120, 193)",
            "show": false
          },
          "targets": [
            {
              "target": "sitespeed.io.http.www.aa.com.homePage_do.timings.firstPaint.median"
            }
          ],
          "thresholds": "",
          "timeFrom": "7d",
          "title": "First Paint",
          "type": "singlestat",
          "valueFontSize": "70%",
          "valueMaps": [
            {
              "op": "=",
              "text": "N/A",
              "value": "null"
            }
          ],
          "valueName": "avg"
        }
      ],
      "title": "New row"
    },
    {
      "collapse": false,
      "editable": true,
      "height": "250px",
      "panels": [
        {
          "aliasColors": {
            "max": "#890F02"
          },
          "bars": false,
          "datasource": null,
          "editable": true,
          "error": false,
          "fill": 0,
          "grid": {
            "leftLogBase": 1,
            "leftMax": null,
            "leftMin": null,
            "rightLogBase": 1,
            "rightMax": null,
            "rightMin": null,
            "threshold1": null,
            "threshold1Color": "rgba(216, 200, 27, 0.27)",
            "threshold2": null,
            "threshold2Color": "rgba(234, 112, 112, 0.22)"
          },
          "hideTimeOverride": false,
          "id": 9,
          "legend": {
            "avg": false,
            "current": true,
            "max": true,
            "min": true,
            "show": true,
            "total": false,
            "values": true
          },
          "lines": true,
          "linewidth": 1,
          "links": [],
          "nullPointMode": "connected",
          "percentage": false,
          "pointradius": 5,
          "points": false,
          "renderer": "flot",
          "seriesOverrides": [
            {
              "alias": "max",
              "fillBelowTo": "min",
              "lines": false
            },
            {
              "alias": "min",
              "lines": false
            }
          ],
          "span": 6,
          "stack": false,
          "steppedLine": false,
          "targets": [
            {
              "target": "aliasByMetric(sitespeed.io.http.www.aa.com.homePage_do.timings.domContentLoadedTime.max)"
            },
            {
              "target": "aliasByMetric(sitespeed.io.http.www.aa.com.homePage_do.timings.domContentLoadedTime.median)"
            },
            {
              "target": "aliasByMetric(sitespeed.io.http.www.aa.com.homePage_do.timings.domContentLoadedTime.min)"
            }
          ],
          "timeFrom": null,
          "timeShift": null,
          "title": "DOMContentLoadedTime",
          "tooltip": {
            "shared": true,
            "value_type": "cumulative"
          },
          "type": "graph",
          "x-axis": true,
          "y-axis": true,
          "y_formats": [
            "ms",
            "short"
          ]
        },
        {
          "aliasColors": {
            "max": "#890F02"
          },
          "bars": false,
          "datasource": null,
          "editable": true,
          "error": false,
          "fill": 0,
          "grid": {
            "leftLogBase": 1,
            "leftMax": null,
            "leftMin": null,
            "rightLogBase": 1,
            "rightMax": null,
            "rightMin": null,
            "threshold1": null,
            "threshold1Color": "rgba(216, 200, 27, 0.27)",
            "threshold2": null,
            "threshold2Color": "rgba(234, 112, 112, 0.22)"
          },
          "id": 10,
          "legend": {
            "avg": false,
            "current": true,
            "max": true,
            "min": true,
            "show": true,
            "total": false,
            "values": true
          },
          "lines": true,
          "linewidth": 1,
          "links": [],
          "nullPointMode": "connected",
          "percentage": false,
          "pointradius": 5,
          "points": false,
          "renderer": "flot",
          "seriesOverrides": [
            {
              "alias": "max",
              "fillBelowTo": "min",
              "lines": false
            },
            {
              "alias": "min",
              "lines": false
            }
          ],
          "span": 6,
          "stack": false,
          "steppedLine": false,
          "targets": [
            {
              "target": "aliasByMetric(sitespeed.io.http.www.aa.com.homePage_do.timings.speedIndex.max)"
            },
            {
              "target": "aliasByMetric(sitespeed.io.http.www.aa.com.homePage_do.timings.speedIndex.median)"
            },
            {
              "target": "aliasByMetric(sitespeed.io.http.www.aa.com.homePage_do.timings.speedIndex.min)"
            }
          ],
          "timeFrom": null,
          "timeShift": null,
          "title": "SpeedIndex",
          "tooltip": {
            "shared": true,
            "value_type": "cumulative"
          },
          "type": "graph",
          "x-axis": true,
          "y-axis": true,
          "y_formats": [
            "ms",
            "short"
          ]
        }
      ],
      "title": "New row"
    },
    {
      "collapse": false,
      "editable": true,
      "height": "250px",
      "panels": [
        {
          "aliasColors": {},
          "bars": false,
          "datasource": null,
          "editable": true,
          "error": false,
          "fill": 3,
          "grid": {
            "leftLogBase": 1,
            "leftMax": null,
            "leftMin": null,
            "rightLogBase": 1,
            "rightMax": null,
            "rightMin": null,
            "threshold1": null,
            "threshold1Color": "rgba(216, 200, 27, 0.27)",
            "threshold2": null,
            "threshold2Color": "rgba(234, 112, 112, 0.22)"
          },
          "id": 2,
          "legend": {
            "alignAsTable": false,
            "avg": false,
            "current": true,
            "max": true,
            "min": true,
            "show": true,
            "total": false,
            "values": true
          },
          "lines": true,
          "linewidth": 3,
          "links": [],
          "nullPointMode": "connected",
          "percentage": false,
          "pointradius": 5,
          "points": false,
          "renderer": "flot",
          "seriesOverrides": [],
          "span": 12,
          "stack": true,
          "steppedLine": false,
          "targets": [
            {
              "target": "aliasByNode(sitespeed.io.http.www.aa.com.homePage_do.timings.backEndTime.median, 8)"
            },
            {
              "target": "aliasByNode(sitespeed.io.http.www.aa.com.homePage_do.timings.frontEndTime.median, 8)"
            }
          ],
          "timeFrom": null,
          "timeShift": null,
          "title": "Median time backend vs frontend",
          "tooltip": {
            "shared": true,
            "value_type": "individual"
          },
          "type": "graph",
          "x-axis": true,
          "y-axis": true,
          "y_formats": [
            "ms",
            "short"
          ]
        }
      ],
      "title": "New row"
    },
    {
      "collapse": false,
      "editable": true,
      "height": "250px",
      "panels": [
        {
          "aliasColors": {},
          "bars": false,
          "datasource": null,
          "editable": true,
          "error": false,
          "fill": 0,
          "grid": {
            "leftLogBase": 1,
            "leftMax": null,
            "leftMin": null,
            "rightLogBase": 1,
            "rightMax": null,
            "rightMin": null,
            "threshold1": null,
            "threshold1Color": "rgba(216, 200, 27, 0.27)",
            "threshold2": null,
            "threshold2Color": "rgba(234, 112, 112, 0.22)"
          },
          "id": 19,
          "legend": {
            "avg": false,
            "current": true,
            "max": false,
            "min": false,
            "show": true,
            "total": false,
            "values": true
          },
          "lines": true,
          "linewidth": 1,
          "links": [],
          "nullPointMode": "connected",
          "percentage": false,
          "pointradius": 5,
          "points": false,
          "renderer": "flot",
          "seriesOverrides": [],
          "span": 12,
          "stack": false,
          "steppedLine": false,
          "targets": [
            {
              "target": "aliasByNode(sitespeed.io.http.www.aa.com.homePage_do.rules.*, 8)"
            }
          ],
          "timeFrom": null,
          "timeShift": null,
          "title": "Rules",
          "tooltip": {
            "shared": true,
            "value_type": "cumulative"
          },
          "type": "graph",
          "x-axis": true,
          "y-axis": true,
          "y_formats": [
            "short",
            "short"
          ]
        }
      ],
      "title": "New row"
    }
  ],
  "nav": [
    {
      "collapse": false,
      "enable": true,
      "notice": false,
      "now": true,
      "nowDelay": "60m",
      "refresh_intervals": [
        "5s",
        "10s",
        "30s",
        "1m",
        "5m",
        "15m",
        "30m",
        "1h",
        "2h",
        "1d"
      ],
      "status": "Stable",
      "time_options": [
        "5m",
        "15m",
        "1h",
        "6h",
        "12h",
        "24h",
        "2d",
        "7d",
        "30d"
      ],
      "type": "timepicker"
    }
  ],
  "time": {
    "from": "now-12h",
    "to": "now"
  },
  "templating": {
    "list": []
  },
  "annotations": {
    "list": []
  },
  "refresh": false,
  "schemaVersion": 6,
  "version": 17
}