{
  "id": 9,
  "title": "User Timing and Custom Metrics",
  "originalTitle": "User Timing and Custom Metrics",
  "tags": [],
  "style": "dark",
  "timezone": "browser",
  "editable": true,
  "hideControls": false,
  "sharedCrosshair": false,
  "rows": [
    {
      "collapse": false,
      "editable": true,
      "height": "250px",
      "panels": [
        {
          "aliasColors": {},
          "bars": false,
          "datasource": null,
          "decimals": 3,
          "editable": true,
          "error": false,
          "fill": 0,
          "grid": {
            "leftLogBase": 1,
            "leftMax": null,
            "leftMin": null,
            "rightLogBase": 1,
            "rightMax": null,
            "rightMin": null,
            "threshold1": null,
            "threshold1Color": "rgba(216, 200, 27, 0.27)",
            "threshold2": null,
            "threshold2Color": "rgba(234, 112, 112, 0.22)"
          },
          "id": 1,
          "legend": {
            "avg": false,
            "current": true,
            "max": true,
            "min": false,
            "show": true,
            "total": false,
            "values": true
          },
          "lines": true,
          "linewidth": 1,
          "links": [],
          "nullPointMode": "connected",
          "percentage": false,
          "pointradius": 5,
          "points": false,
          "renderer": "flot",
          "seriesOverrides": [],
          "span": 6,
          "stack": false,
          "steppedLine": false,
          "targets": [
            {
              "target": "aliasByNode(sitespeed.io.custom.mobile3g.http.www.sitespeed.io.slash.timings.logoTime.median, 10)"
            },
            {
              "target": "aliasByNode(sitespeed.io.custom.mobile3g.http.www.sitespeed.io.slash.timings.headerTime.median, 10)"
            }
          ],
          "timeFrom": null,
          "timeShift": null,
          "title": "User Timings",
          "tooltip": {
            "shared": true,
            "value_type": "cumulative"
          },
          "type": "graph",
          "x-axis": true,
          "y-axis": true,
          "y_formats": [
            "ms",
            "short"
          ]
        },
        {
          "content": "# User Timings\nIf you collect timings using browsers that has implemented the  [User Timing API](http://www.w3.org/TR/user-timing/) (or if you are using a [User Timing polyfill](https://github.com/nicjansma/usertiming.js)) they will automatically be sent to Graphite so you can graph them. \n\nOn the example [site](http://www.sitespeed.io), we add a User Timing mark when the header is loaded and one for the logo and shape the traffic as *mobile3g*. \n\nHaven't heard of User Timings before? Read Patrick Meenans blog post [Measuring performance of the user experience](http://blog.patrickmeenan.com/2013/07/measuring-performance-of-user-experience.html).",
          "editable": true,
          "error": false,
          "id": 2,
          "links": [],
          "mode": "markdown",
          "span": 6,
          "style": {},
          "title": "",
          "type": "text"
        }
      ],
      "title": "Row"
    },
    {
      "collapse": false,
      "editable": true,
      "height": "250px",
      "panels": [
        {
          "content": "# Custom Metrics\nDo you miss any metrics when you test with sitespeed.io? Hold on, you can collect your own metrics by running your own javascript in the browser. Create a directory, store each metric in an individiual file (the metric will be named as the filename) and use the parameter *customScripts* to point out your directory. The metrics will be sent to Graphite. \n\nRead more on how to implement it in the [documentation](http://www.sitespeed.io/documentation/browsers/#custom-metrics).",
          "editable": true,
          "error": false,
          "id": 3,
          "links": [],
          "mode": "markdown",
          "span": 6,
          "style": {},
          "title": "",
          "type": "text"
        },
        {
          "aliasColors": {},
          "bars": false,
          "datasource": null,
          "decimals": 0,
          "editable": true,
          "error": false,
          "fill": 0,
          "grid": {
            "leftLogBase": 1,
            "leftMax": null,
            "leftMin": null,
            "rightLogBase": 1,
            "rightMax": null,
            "rightMin": null,
            "threshold1": null,
            "threshold1Color": "rgba(216, 200, 27, 0.27)",
            "threshold2": null,
            "threshold2Color": "rgba(234, 112, 112, 0.22)"
          },
          "id": 4,
          "legend": {
            "avg": false,
            "current": true,
            "max": true,
            "min": true,
            "show": true,
            "total": false,
            "values": true
          },
          "lines": true,
          "linewidth": 1,
          "links": [],
          "nullPointMode": "connected",
          "percentage": false,
          "pointradius": 5,
          "points": false,
          "renderer": "flot",
          "seriesOverrides": [],
          "span": 6,
          "stack": false,
          "steppedLine": false,
          "targets": [
            {
              "target": "aliasByNode(sitespeed.io.custom.mobile3g.http.www.sitespeed.io.slash.custom.avgDOMDepth.median, 10)"
            }
          ],
          "timeFrom": null,
          "timeShift": null,
          "title": "Custom Metrics",
          "tooltip": {
            "shared": true,
            "value_type": "cumulative"
          },
          "type": "graph",
          "x-axis": true,
          "y-axis": true,
          "y_formats": [
            "short",
            "short"
          ]
        }
      ],
      "title": "New row"
    }
  ],
  "nav": [
    {
      "collapse": false,
      "enable": true,
      "notice": false,
      "now": true,
      "refresh_intervals": [
        "5s",
        "10s",
        "30s",
        "1m",
        "5m",
        "15m",
        "30m",
        "1h",
        "2h",
        "1d"
      ],
      "status": "Stable",
      "time_options": [
        "5m",
        "15m",
        "1h",
        "6h",
        "12h",
        "24h",
        "2d",
        "7d",
        "30d"
      ],
      "type": "timepicker"
    }
  ],
  "time": {
    "from": "now-24h",
    "to": "now"
  },
  "templating": {
    "list": []
  },
  "annotations": {
    "list": []
  },
  "schemaVersion": 6,
  "version": 18
}