{
  "id": 2,
  "title": "Using WebPageTest",
  "originalTitle": "Using WebPageTest",
  "tags": [],
  "style": "dark",
  "timezone": "browser",
  "editable": true,
  "hideControls": false,
  "sharedCrosshair": false,
  "rows": [
    {
      "collapse": false,
      "editable": true,
      "height": "200px",
      "panels": [
        {
          "content": "# Using WebPageTest\nIf you have your WebPageTest instance or have an API key, you can drive WebPageTest through sitespeed.io and collect metrics and send them to Graphite. Here we test the home page of NY Times but you can and should of course test the most important pages in your site. We test the page three times once an hour and throttle the connection to 'cable'. \n\n[Read more](http://www.sitespeed.io/documentation/webpagetest/) how to drive WebPageTest.",
          "editable": true,
          "error": false,
          "id": 13,
          "links": [],
          "mode": "markdown",
          "span": 6,
          "style": {},
          "title": "",
          "type": "text"
        },
        {
          "aliasColors": {},
          "bars": false,
          "datasource": null,
          "decimals": null,
          "editable": true,
          "error": false,
          "fill": 0,
          "grid": {
            "leftLogBase": 1,
            "leftMax": null,
            "leftMin": null,
            "rightLogBase": 1,
            "rightMax": null,
            "rightMin": null,
            "threshold1": null,
            "threshold1Color": "rgba(216, 203, 68, 0.27)",
            "threshold2": null,
            "threshold2Color": "rgba(198, 11, 11, 0.22)",
            "thresholdLine": false
          },
          "id": 1,
          "legend": {
            "alignAsTable": false,
            "avg": false,
            "current": true,
            "max": true,
            "min": false,
            "show": true,
            "total": false,
            "values": true
          },
          "lines": true,
          "linewidth": 1,
          "links": [],
          "nullPointMode": "connected",
          "percentage": false,
          "pointradius": 5,
          "points": false,
          "renderer": "flot",
          "seriesOverrides": [],
          "span": 6,
          "stack": false,
          "steppedLine": false,
          "targets": [
            {
              "target": "aliasByNode(webpagetest.http.www.nytimes.com.slash.wpt.dulles.cable.chrome.firstView.SpeedIndex.median, 10)"
            },
            {
              "target": "aliasByNode(webpagetest.http.www.nytimes.com.slash.wpt.dulles.cable.chrome.repeatView.SpeedIndex.median, 10)"
            }
          ],
          "timeFrom": null,
          "timeShift": null,
          "title": "SpeedIndex NYTimes.com Home Page",
          "tooltip": {
            "shared": true,
            "value_type": "cumulative"
          },
          "type": "graph",
          "x-axis": true,
          "y-axis": true,
          "y_formats": [
            "none",
            "short"
          ]
        }
      ],
      "title": "New row"
    },
    {
      "collapse": false,
      "editable": true,
      "height": "250px",
      "panels": [
        {
          "aliasColors": {},
          "bars": false,
          "datasource": null,
          "editable": true,
          "error": false,
          "fill": 0,
          "grid": {
            "leftLogBase": 1,
            "leftMax": null,
            "leftMin": null,
            "rightLogBase": 1,
            "rightMax": null,
            "rightMin": null,
            "threshold1": null,
            "threshold1Color": "rgba(216, 200, 27, 0.27)",
            "threshold2": null,
            "threshold2Color": "rgba(234, 112, 112, 0.22)"
          },
          "id": 2,
          "legend": {
            "avg": false,
            "current": true,
            "max": true,
            "min": false,
            "show": true,
            "total": false,
            "values": true
          },
          "lines": true,
          "linewidth": 1,
          "links": [],
          "nullPointMode": "connected",
          "percentage": false,
          "pointradius": 5,
          "points": false,
          "renderer": "flot",
          "seriesOverrides": [],
          "span": 12,
          "stack": false,
          "steppedLine": false,
          "targets": [
            {
              "target": "aliasByNode(webpagetest.http.www.nytimes.com.slash.wpt.dulles.cable.chrome.firstView.TTFB.median, 11)"
            },
            {
              "target": "aliasByNode(webpagetest.http.www.nytimes.com.slash.wpt.dulles.cable.chrome.firstView.firstPaint.median, 11)"
            },
            {
              "target": "aliasByNode(webpagetest.http.www.nytimes.com.slash.wpt.dulles.cable.chrome.firstView.render.median, 11)"
            },
            {
              "target": "aliasByNode(webpagetest.http.www.nytimes.com.slash.wpt.dulles.cable.chrome.firstView.visualComplete.median, 11)"
            },
            {
              "target": "aliasByNode(webpagetest.http.www.nytimes.com.slash.wpt.dulles.cable.chrome.firstView.domContentLoadedEventEnd.median, 11)"
            },
            {
              "target": "aliasByNode(webpagetest.http.www.nytimes.com.slash.wpt.dulles.cable.chrome.firstView.loadTime.median, 11)"
            }
          ],
          "timeFrom": null,
          "timeShift": null,
          "title": "Timings Home Page [median first view]",
          "tooltip": {
            "shared": true,
            "value_type": "cumulative"
          },
          "type": "graph",
          "x-axis": true,
          "y-axis": true,
          "y_formats": [
            "ms",
            "short"
          ]
        }
      ],
      "title": "New row"
    },
    {
      "collapse": false,
      "editable": true,
      "height": "100px",
      "panels": [
        {
          "cacheTimeout": null,
          "colorBackground": false,
          "colorValue": false,
          "colors": [
            "rgba(245, 54, 54, 0.9)",
            "rgba(237, 129, 40, 0.89)",
            "rgba(50, 172, 45, 0.97)"
          ],
          "editable": true,
          "error": false,
          "format": "bytes",
          "id": 3,
          "interval": null,
          "links": [],
          "maxDataPoints": 100,
          "nullPointMode": "connected",
          "nullText": null,
          "postfix": "",
          "postfixFontSize": "50%",
          "prefix": "",
          "prefixFontSize": "50%",
          "span": 4,
          "sparkline": {
            "fillColor": "rgba(31, 118, 189, 0.18)",
            "full": false,
            "lineColor": "rgb(31, 120, 193)",
            "show": false
          },
          "targets": [
            {
              "target": "webpagetest.summary.www.nytimes.com.pagemetric.wpt.dulles.cable.chrome.firstView.bytesIn.median"
            }
          ],
          "thresholds": "",
          "title": "Median Page Size",
          "type": "singlestat",
          "valueFontSize": "80%",
          "valueMaps": [
            {
              "op": "=",
              "text": "N/A",
              "value": "null"
            }
          ],
          "valueName": "avg"
        },
        {
          "cacheTimeout": null,
          "colorBackground": false,
          "colorValue": false,
          "colors": [
            "rgba(245, 54, 54, 0.9)",
            "rgba(237, 129, 40, 0.89)",
            "rgba(50, 172, 45, 0.97)"
          ],
          "editable": true,
          "error": false,
          "format": "bytes",
          "id": 4,
          "interval": null,
          "links": [],
          "maxDataPoints": 100,
          "nullPointMode": "connected",
          "nullText": null,
          "postfix": "",
          "postfixFontSize": "50%",
          "prefix": "",
          "prefixFontSize": "50%",
          "span": 4,
          "sparkline": {
            "fillColor": "rgba(31, 118, 189, 0.18)",
            "full": false,
            "lineColor": "rgb(31, 120, 193)",
            "show": false
          },
          "targets": [
            {
              "target": "webpagetest.summary.www.nytimes.com.pagemetric.wpt.dulles.cable.chrome.firstView.image_total.median"
            }
          ],
          "thresholds": "",
          "title": "Median Images Size",
          "type": "singlestat",
          "valueFontSize": "80%",
          "valueMaps": [
            {
              "op": "=",
              "text": "N/A",
              "value": "null"
            }
          ],
          "valueName": "avg"
        },
        {
          "cacheTimeout": null,
          "colorBackground": false,
          "colorValue": false,
          "colors": [
            "rgba(245, 54, 54, 0.9)",
            "rgba(237, 129, 40, 0.89)",
            "rgba(50, 172, 45, 0.97)"
          ],
          "editable": true,
          "error": false,
          "format": "none",
          "id": 5,
          "interval": null,
          "links": [],
          "maxDataPoints": 100,
          "nullPointMode": "connected",
          "nullText": null,
          "postfix": "",
          "postfixFontSize": "50%",
          "prefix": "",
          "prefixFontSize": "50%",
          "span": 4,
          "sparkline": {
            "fillColor": "rgba(31, 118, 189, 0.18)",
            "full": false,
            "lineColor": "rgb(31, 120, 193)",
            "show": false
          },
          "targets": [
            {
              "target": "webpagetest.summary.www.nytimes.com.pagemetric.wpt.dulles.cable.chrome.firstView.requests.median"
            }
          ],
          "thresholds": "",
          "title": "Median Requests",
          "type": "singlestat",
          "valueFontSize": "80%",
          "valueMaps": [
            {
              "op": "=",
              "text": "N/A",
              "value": "null"
            }
          ],
          "valueName": "avg"
        }
      ],
      "showTitle": true,
      "title": "First View"
    },
    {
      "collapse": false,
      "editable": true,
      "height": "100px",
      "panels": [
        {
          "cacheTimeout": null,
          "colorBackground": false,
          "colorValue": false,
          "colors": [
            "rgba(245, 54, 54, 0.9)",
            "rgba(237, 129, 40, 0.89)",
            "rgba(50, 172, 45, 0.97)"
          ],
          "editable": true,
          "error": false,
          "format": "bytes",
          "id": 6,
          "interval": null,
          "links": [],
          "maxDataPoints": 100,
          "nullPointMode": "connected",
          "nullText": null,
          "postfix": "",
          "postfixFontSize": "50%",
          "prefix": "",
          "prefixFontSize": "50%",
          "span": 4,
          "sparkline": {
            "fillColor": "rgba(31, 118, 189, 0.18)",
            "full": false,
            "lineColor": "rgb(31, 120, 193)",
            "show": false
          },
          "targets": [
            {
              "target": "webpagetest.summary.www.nytimes.com.pagemetric.wpt.dulles.cable.chrome.repeatView.bytesIn.median"
            }
          ],
          "thresholds": "",
          "title": "Median Page Size",
          "type": "singlestat",
          "valueFontSize": "80%",
          "valueMaps": [
            {
              "op": "=",
              "text": "N/A",
              "value": "null"
            }
          ],
          "valueName": "avg"
        },
        {
          "cacheTimeout": null,
          "colorBackground": false,
          "colorValue": false,
          "colors": [
            "rgba(245, 54, 54, 0.9)",
            "rgba(237, 129, 40, 0.89)",
            "rgba(50, 172, 45, 0.97)"
          ],
          "editable": true,
          "error": false,
          "format": "bytes",
          "id": 7,
          "interval": null,
          "links": [],
          "maxDataPoints": 100,
          "nullPointMode": "connected",
          "nullText": null,
          "postfix": "",
          "postfixFontSize": "50%",
          "prefix": "",
          "prefixFontSize": "50%",
          "span": 4,
          "sparkline": {
            "fillColor": "rgba(31, 118, 189, 0.18)",
            "full": false,
            "lineColor": "rgb(31, 120, 193)",
            "show": false
          },
          "targets": [
            {
              "target": "webpagetest.summary.www.nytimes.com.pagemetric.wpt.dulles.cable.chrome.repeatView.image_total.median"
            }
          ],
          "thresholds": "",
          "title": "Median Images Size",
          "type": "singlestat",
          "valueFontSize": "80%",
          "valueMaps": [
            {
              "op": "=",
              "text": "N/A",
              "value": "null"
            }
          ],
          "valueName": "avg"
        },
        {
          "cacheTimeout": null,
          "colorBackground": false,
          "colorValue": false,
          "colors": [
            "rgba(245, 54, 54, 0.9)",
            "rgba(237, 129, 40, 0.89)",
            "rgba(50, 172, 45, 0.97)"
          ],
          "editable": true,
          "error": false,
          "format": "none",
          "id": 8,
          "interval": null,
          "links": [],
          "maxDataPoints": 100,
          "nullPointMode": "connected",
          "nullText": null,
          "postfix": "",
          "postfixFontSize": "50%",
          "prefix": "",
          "prefixFontSize": "50%",
          "span": 4,
          "sparkline": {
            "fillColor": "rgba(31, 118, 189, 0.18)",
            "full": false,
            "lineColor": "rgb(31, 120, 193)",
            "show": false
          },
          "targets": [
            {
              "target": "webpagetest.summary.www.nytimes.com.pagemetric.wpt.dulles.cable.chrome.repeatView.requests.median"
            }
          ],
          "thresholds": "",
          "title": "Median Requests",
          "type": "singlestat",
          "valueFontSize": "80%",
          "valueMaps": [
            {
              "op": "=",
              "text": "N/A",
              "value": "null"
            }
          ],
          "valueName": "avg"
        }
      ],
      "showTitle": true,
      "title": "Repeat View"
    },
    {
      "collapse": false,
      "editable": true,
      "height": "250px",
      "panels": [
        {
          "aliasColors": {
            "jsWeight": "#6D1F62"
          },
          "bars": false,
          "datasource": null,
          "editable": true,
          "error": false,
          "fill": 3,
          "grid": {
            "leftLogBase": 1,
            "leftMax": null,
            "leftMin": null,
            "rightLogBase": 1,
            "rightMax": null,
            "rightMin": null,
            "threshold1": null,
            "threshold1Color": "rgba(216, 200, 27, 0.27)",
            "threshold2": null,
            "threshold2Color": "rgba(234, 112, 112, 0.22)"
          },
          "id": 9,
          "legend": {
            "avg": false,
            "current": true,
            "max": true,
            "min": false,
            "show": true,
            "total": false,
            "values": true
          },
          "lines": true,
          "linewidth": 1,
          "links": [],
          "nullPointMode": "connected",
          "percentage": false,
          "pointradius": 5,
          "points": false,
          "renderer": "flot",
          "seriesOverrides": [],
          "span": 6,
          "stack": true,
          "steppedLine": false,
          "targets": [
            {
              "target": "aliasByNode(webpagetest.http.www.nytimes.com.slash.assets.*Weight, 7)"
            }
          ],
          "timeFrom": null,
          "timeShift": null,
          "title": "Weight per asset type",
          "tooltip": {
            "shared": true,
            "value_type": "individual"
          },
          "type": "graph",
          "x-axis": true,
          "y-axis": true,
          "y_formats": [
            "bytes",
            "short"
          ]
        },
        {
          "aliasColors": {
            "js": "#6D1F62"
          },
          "bars": false,
          "datasource": null,
          "editable": true,
          "error": false,
          "fill": 3,
          "grid": {
            "leftLogBase": 1,
            "leftMax": null,
            "leftMin": null,
            "rightLogBase": 1,
            "rightMax": null,
            "rightMin": null,
            "threshold1": null,
            "threshold1Color": "rgba(216, 200, 27, 0.27)",
            "threshold2": null,
            "threshold2Color": "rgba(234, 112, 112, 0.22)"
          },
          "id": 10,
          "legend": {
            "avg": false,
            "current": true,
            "max": true,
            "min": false,
            "show": true,
            "total": false,
            "values": true
          },
          "lines": true,
          "linewidth": 2,
          "links": [],
          "nullPointMode": "connected",
          "percentage": false,
          "pointradius": 5,
          "points": false,
          "renderer": "flot",
          "seriesOverrides": [],
          "span": 6,
          "stack": true,
          "steppedLine": false,
          "targets": [
            {
              "target": "aliasByMetric(webpagetest.http.www.nytimes.com.slash.assets.css)"
            },
            {
              "target": "aliasByMetric(webpagetest.http.www.nytimes.com.slash.assets.doc)"
            },
            {
              "target": "aliasByMetric(webpagetest.http.www.nytimes.com.slash.assets.cssimage)"
            },
            {
              "target": "aliasByMetric(webpagetest.http.www.nytimes.com.slash.assets.flash)"
            },
            {
              "target": "aliasByMetric(webpagetest.http.www.nytimes.com.slash.assets.iframe)"
            },
            {
              "target": "aliasByMetric(webpagetest.http.www.nytimes.com.slash.assets.font)"
            },
            {
              "target": "aliasByMetric(webpagetest.http.www.nytimes.com.slash.assets.js)"
            },
            {
              "target": "aliasByMetric(webpagetest.http.www.nytimes.com.slash.assets.image)"
            }
          ],
          "timeFrom": null,
          "timeShift": null,
          "title": "Requests per type",
          "tooltip": {
            "shared": true,
            "value_type": "individual"
          },
          "type": "graph",
          "x-axis": true,
          "y-axis": true,
          "y_formats": [
            "short",
            "short"
          ]
        }
      ],
      "title": "New row"
    },
    {
      "collapse": false,
      "editable": true,
      "height": "250px",
      "panels": [
        {
          "aliasColors": {},
          "bars": false,
          "datasource": null,
          "editable": true,
          "error": false,
          "fill": 0,
          "grid": {
            "leftLogBase": 1,
            "leftMax": null,
            "leftMin": null,
            "rightLogBase": 1,
            "rightMax": null,
            "rightMin": null,
            "threshold1": null,
            "threshold1Color": "rgba(216, 200, 27, 0.27)",
            "threshold2": null,
            "threshold2Color": "rgba(234, 112, 112, 0.22)"
          },
          "id": 11,
          "legend": {
            "alignAsTable": true,
            "avg": false,
            "current": true,
            "max": true,
            "min": false,
            "show": true,
            "sort": "max",
            "sortDesc": true,
            "total": false,
            "values": true
          },
          "lines": true,
          "linewidth": 1,
          "links": [],
          "nullPointMode": "connected",
          "percentage": false,
          "pointradius": 5,
          "points": false,
          "renderer": "flot",
          "seriesOverrides": [],
          "span": 12,
          "stack": false,
          "steppedLine": false,
          "targets": [
            {
              "target": "aliasByNode(sortByMaxima(highestMax(maximumAbove(webpagetest.summary.www.nytimes.com.domains.*.*.total.max, 2000), 10)), 7)"
            }
          ],
          "timeFrom": null,
          "timeShift": null,
          "title": "Top 10 domains with requests slower than 2 s",
          "tooltip": {
            "shared": false,
            "value_type": "cumulative"
          },
          "type": "graph",
          "x-axis": true,
          "y-axis": true,
          "y_formats": [
            "ms",
            "short"
          ]
        }
      ],
      "title": "New row"
    },
    {
      "collapse": false,
      "editable": true,
      "height": "250px",
      "panels": [
        {
          "aliasColors": {},
          "bars": false,
          "datasource": null,
          "editable": true,
          "error": false,
          "fill": 0,
          "grid": {
            "leftLogBase": 1,
            "leftMax": null,
            "leftMin": null,
            "rightLogBase": 1,
            "rightMax": null,
            "rightMin": null,
            "threshold1": null,
            "threshold1Color": "rgba(216, 200, 27, 0.27)",
            "threshold2": null,
            "threshold2Color": "rgba(234, 112, 112, 0.22)"
          },
          "id": 12,
          "legend": {
            "alignAsTable": true,
            "avg": false,
            "current": true,
            "hideEmpty": true,
            "max": true,
            "min": false,
            "rightSide": false,
            "show": true,
            "total": false,
            "values": true
          },
          "lines": true,
          "linewidth": 1,
          "links": [],
          "nullPointMode": "connected",
          "percentage": false,
          "pointradius": 5,
          "points": false,
          "renderer": "flot",
          "seriesOverrides": [],
          "span": 12,
          "stack": false,
          "steppedLine": false,
          "targets": [
            {
              "target": "aliasByNode(sortByMaxima(maximumAbove(highestMax(webpagetest.http.www.nytimes.com.slash.timings.requests.*.total, 10), 1000)), 8)"
            }
          ],
          "timeFrom": null,
          "timeShift": null,
          "title": "Top 10 slowest requests (this take some time to generate, have faith!)",
          "tooltip": {
            "shared": false,
            "value_type": "cumulative"
          },
          "type": "graph",
          "x-axis": true,
          "y-axis": true,
          "y_formats": [
            "ms",
            "short"
          ]
        }
      ],
      "title": "New row"
    }
  ],
  "nav": [
    {
      "collapse": false,
      "enable": true,
      "notice": false,
      "now": true,
      "nowDelay": "60m",
      "refresh_intervals": [
        "5s",
        "10s",
        "30s",
        "1m",
        "5m",
        "15m",
        "30m",
        "1h",
        "2h",
        "1d"
      ],
      "status": "Stable",
      "time_options": [
        "5m",
        "15m",
        "1h",
        "6h",
        "12h",
        "24h",
        "2d",
        "7d",
        "30d"
      ],
      "type": "timepicker"
    }
  ],
  "time": {
    "from": "now-7d",
    "to": "now-60m"
  },
  "templating": {
    "list": []
  },
  "annotations": {
    "list": []
  },
  "refresh": false,
  "schemaVersion": 6,
  "version": 47
}